original,web,action,bytes_before,bytes_after
CHN-AIR-001-a.jpg,CHN-AIR-001-a.jpg,copy,33972,33972
CHN-AIR-001-b.jpg,CHN-AIR-001-b.jpg,copy,14848,14848
CHN-AIR-002-a.webp,CHN-AIR-002-a.webp,copy,60252,60252
CHN-AIR-002-b.jpg,CHN-AIR-002-b.jpg,copy,49838,49838
CHN-AIR-003-a.webp,CHN-AIR-003-a.webp,copy,36164,36164
CHN-LAND-001-a.webp,CHN-LAND-001-a.webp,copy,37256,37256
CHN-LAND-002-a.webp,CHN-LAND-002-a.webp,copy,20506,20506
CHN-LAND-002-b.jpg,CHN-LAND-002-b.jpg,copy,81054,81054
CHN-SEA-001-a.jpg,CHN-SEA-001-a.jpg,copy,18531,18531
CHN-SEA-002-a.webp,CHN-SEA-002-a.webp,copy,30338,30338
CHN-SEA-003-a.jpg,CHN-SEA-003-a.jpg,copy,29882,29882
CHN-SEA-003-b.jpg,CHN-SEA-003-b.jpg,copy,39109,39109
DEU-AIR-001-a.jpg,DEU-AIR-001-a.jpg,kept-original,49274,49274
DEU-AIR-001-b.webp,DEU-AIR-001-b.webp,copy,172248,172248
DEU-AIR-002-a.jpg,DEU-AIR-002-a.jpg,copy,173224,173224
DEU-AIR-002-b.jpg,DEU-AIR-002-b.jpg,copy,136218,136218
DEU-LAND-001-a.jpg,DEU-LAND-001-a.jpg,copy,30141,30141
DEU-LAND-001-b.jpg,DEU-LAND-001-b.jpg,copy,80386,80386
DEU-LAND-002-a.jpg,DEU-LAND-002-a.jpg,copy,22977,22977
DEU-LAND-002-b.jpg,DEU-LAND-002-b.jpg,copy,167686,167686
DEU-LAND-003-a.jpg,DEU-LAND-003-a.jpg,copy,143514,143514
DEU-LAND-004-a.jpg,DEU-LAND-004-a.jpg,copy,270201,270201
DEU-LAND-004-b.jpg,DEU-LAND-004-b.jpg,copy,140578,140578
FRA-LAND-001-a,FRA-LAND-001-a.avif,ext-fixed,78328,78328
FRA-LAND-001-b.jpg,FRA-LAND-001-b.jpg,copy,17499,17499
GBR-AIR-001-a.webp,GBR-AIR-001-a.webp,kept-original,8228,8228
GBR-AIR-001-b.jpg,GBR-AIR-001-b.jpg,copy,137428,137428
GBR-AIR-001-c.jpg,GBR-AIR-001-c.jpg,kept-original,201241,201241
ISR-AIR-001-a.webp,ISR-AIR-001-a.webp,copy,21968,21968
ISR-AIR-001-b.jpg,ISR-AIR-001-b.jpg,copy,27923,27923
ISR-AIR-002-a.webp,ISR-AIR-002-a.jpg,converted,415176,350741
ISR-AIR-002-b.jpg,ISR-AIR-002-b.jpg,copy,104598,104598
ISR-AIR-003-a.jpg,ISR-AIR-003-a.jpg,converted,2869840,189599
ISR-AIR-003-b,ISR-AIR-003-b.avif,ext-fixed,11995,11995
ISR-AIR-004-a.jpg,ISR-AIR-004-a.jpg,converted,1766272,279711
ISR-AIR-004-b.jpg,ISR-AIR-004-b.jpg,copy,12064,12064
ISR-AIR-005-A,ISR-AIR-005-A.avif,ext-fixed,25354,25354
ISR-AIR-005-a.png,ISR-AIR-005-a.png,copy,88242,88242
ISR-AIR-005-b.jpg,ISR-AIR-005-b.jpg,copy,51851,51851
ISR-AIR-005-c.jpg,ISR-AIR-005-c.jpg,copy,103578,103578
ISR-AIR-006-a.png,ISR-AIR-006-a.jpg,converted,651248,110952
ISR-AIR-006-b.png,ISR-AIR-006-b.jpg,converted,1121351,148915
ISR-LAND-001-a.jpg,ISR-LAND-001-a.jpg,copy,58249,58249
ISR-LAND-001-b.jpg,ISR-LAND-001-b.jpg,converted,607659,288273
ISR-LAND-002-a.jpg,ISR-LAND-002-a.jpg,converted,688403,288451
ISR-LAND-002-b.jpg,ISR-LAND-002-b.jpg,copy,182049,182049
ISR-LAND-003-a.jpg,ISR-LAND-003-a.jpg,copy,255809,255809
ISR-LAND-003-b.png,ISR-LAND-003-b.jpg,converted,599937,194265
ISR-LAND-004-a.jpg,ISR-LAND-004-a.jpg,copy,52052,52052
ISR-LAND-004-b.jpg,ISR-LAND-004-b.jpg,copy,56740,56740
ISR-SEA-001-a,ISR-SEA-001-a.avif,ext-fixed,34858,34858
ISR-SEA-001-b.jpg,ISR-SEA-001-b.jpg,converted,1182870,421344
JPN-LAND-001-a.webp,JPN-LAND-001-a.webp,copy,58216,58216
JPN-LAND-001-b.jpg,JPN-LAND-001-b.jpg,copy,58505,58505
KOR-LAND-001-a.jpg,KOR-LAND-001-a.jpg,copy,127785,127785
KOR-LAND-001-b.webp,KOR-LAND-001-b.webp,copy,35490,35490
KOR-LAND-002-a.webp,KOR-LAND-002-a.webp,copy,90700,90700
KOR-LAND-002-b.webp,KOR-LAND-002-b.webp,copy,16124,16124
KOR-LAND-003-a.jpg,KOR-LAND-003-a.jpg,copy,109793,109793
KOR-LAND-004-a.jpg,KOR-LAND-004-a.jpg,kept-original,249037,249037
KOR-LAND-004-b.jpg,KOR-LAND-004-b.jpg,kept-original,347003,347003
NLD-SEA-001-a.jpg,NLD-SEA-001-a.jpg,copy,81761,81761
NLD-SEA-001-b.jpg,NLD-SEA-001-b.jpg,copy,23669,23669
NOR-AIR-001-a.jpg,NOR-AIR-001-a.jpg,copy,240949,240949
NOR-AIR-001-b.jpg,NOR-AIR-001-b.jpg,copy,16108,16108
NOR-SEA-001-a.webp,NOR-SEA-001-a.webp,copy,75774,75774
NOR-SEA-001-b.bmp,NOR-SEA-001-b.jpg,converted,388854,267582
POL-AIR-001-a.jpg,POL-AIR-001-a.jpg,copy,9633,9633
POL-AIR-001-b.jpg,POL-AIR-001-b.jpg,copy,17193,17193
RUS-AIR-001-A-a.webp,RUS-AIR-001-A-a.webp,kept-original,53044,53044
RUS-AIR-001-A-b.webp,RUS-AIR-001-A-b.webp,kept-original,225370,225370
RUS-AIR-001-B-a.webp,RUS-AIR-001-B-a.webp,kept-original,11452,11452
RUS-AIR-001-B-b.webp,RUS-AIR-001-B-b.webp,kept-original,191800,191800
RUS-AIR-001-a.jpg,RUS-AIR-001-a.jpg,copy,57503,57503
RUS-AIR-001-b.webp,RUS-AIR-001-b.webp,copy,154670,154670
RUS-AIR-002-a.jpg,RUS-AIR-002-a.jpg,copy,25194,25194
RUS-AIR-002-b.jpg,RUS-AIR-002-b.jpg,copy,31041,31041
RUS-AIR-003-a.webp,RUS-AIR-003-a.webp,copy,159058,159058
RUS-AIR-003-b.jpg,RUS-AIR-003-b.jpg,copy,34673,34673
RUS-LAND-001-a.webp,RUS-LAND-001-a.webp,copy,63828,63828
RUS-LAND-001-b.webp,RUS-LAND-001-b.webp,copy,51016,51016
RUS-LAND-002-a.jpg,RUS-LAND-002-a.jpg,copy,159319,159319
RUS-LAND-002-b.jpg,RUS-LAND-002-b.jpg,copy,108220,108220
RUS-LAND-003-a.jpg,RUS-LAND-003-a.jpg,copy,55619,55619
RUS-LAND-003-b.webp,RUS-LAND-003-b.webp,copy,44952,44952
RUS-LAND-004-a.webp,RUS-LAND-004-a.webp,copy,12800,12800
RUS-LAND-004-b.jpg,RUS-LAND-004-b.jpg,copy,39600,39600
RUS-LAND-005-a.jpg,RUS-LAND-005-a.jpg,copy,45564,45564
RUS-LAND-005-b.jpg,RUS-LAND-005-b.jpg,copy,36273,36273
RUS-LAND-006-a.webp,RUS-LAND-006-a.webp,copy,43740,43740
RUS-SEA-001-a.jpg,RUS-SEA-001-a.jpg,copy,239559,239559
RUS-SEA-001-b.jpg,RUS-SEA-001-b.jpg,copy,47346,47346
RUS-SEA-002-a,RUS-SEA-002-a.avif,ext-fixed,25037,25037
RUS-SEA-002-b.webp,RUS-SEA-002-b.webp,copy,57444,57444
RUS-SEA-003-a.jpg,RUS-SEA-003-a.jpg,converted,208807,159924
RUS-SEA-003-b.jpg,RUS-SEA-003-b.jpg,converted,327512,260750
SWE-AIR-001-a.jpg,SWE-AIR-001-a.jpg,copy,251057,251057
SWE-AIR-001-b,SWE-AIR-001-b.avif,ext-fixed,94742,94742
TUR-AIR-001-a.jpg,TUR-AIR-001-a.jpg,copy,192372,192372
TUR-AIR-001-b.webp,TUR-AIR-001-b.webp,copy,17332,17332
TUR-AIR-002-a.jpg,TUR-AIR-002-a.jpg,copy,7342,7342
TUR-AIR-002-b.jpg,TUR-AIR-002-b.jpg,copy,169252,169252
TUR-AIR-003-a.jpg,TUR-AIR-003-a.jpg,converted,1974097,337127
TUR-AIR-003-b.webp,TUR-AIR-003-b.webp,copy,49070,49070
TUR-LAND-001-a.jpg,TUR-LAND-001-a.jpg,kept-original,384654,384654
TUR-LAND-003-a,TUR-LAND-003-a.avif,ext-fixed,67733,67733
TUR-LAND-003-b.webp,TUR-LAND-003-b.webp,copy,86058,86058
UKR-AIR-001-a.webp,UKR-AIR-001-a.webp,copy,39120,39120
UKR-AIR-001-b.jpg,UKR-AIR-001-b.jpg,copy,127151,127151
UKR-AIR-002-a.jpg,UKR-AIR-002-a.jpg,converted,591205,102008
UKR-AIR-002-b.jpg,UKR-AIR-002-b.jpg,copy,54647,54647
UKR-AIR-003-a.jpg,UKR-AIR-003-a.jpg,kept-original,63434,63434
UKR-AIR-003-b.webp,UKR-AIR-003-b.webp,copy,141990,141990
UKR-AIR-004-a.png,UKR-AIR-004-a.jpg,converted,4242416,747711
UKR-AIR-004-b.jpg,UKR-AIR-004-b.jpg,kept-original,145602,145602
UKR-SEA-001-a.webp,UKR-SEA-001-a.webp,copy,40984,40984
UKR-SEA-001-b.webp,UKR-SEA-001-b.webp,copy,171150,171150
UKR-SEA-002-a.jpg,UKR-SEA-002-a.jpg,copy,36397,36397
UKR-SEA-002-b.jpg,UKR-SEA-002-b.jpg,copy,54173,54173
UKR-SEA-003-a.png,UKR-SEA-003-a.png,copy,189010,189010
UKR-SEA-003-b.jpg,UKR-SEA-003-b.jpg,copy,143711,143711
USA-AIR-001-a.webp,USA-AIR-001-a.webp,kept-original,235492,235492
USA-AIR-001-b.webp,USA-AIR-001-b.webp,copy,31956,31956
USA-AIR-002-a.webp,USA-AIR-002-a.jpg,converted,1289998,124421
USA-AIR-002-b.webp,USA-AIR-002-b.jpg,converted,2667444,626670
USA-AIR-003-a.jpg,USA-AIR-003-a.jpg,copy,7892,7892
USA-AIR-003-b,USA-AIR-003-b.avif,ext-fixed,23755,23755
USA-AIR-003-c.jpg,USA-AIR-003-c.jpg,copy,58560,58560
USA-AIR-004-a,USA-AIR-004-a.jpg,converted,276443,73028
USA-AIR-004-b,USA-AIR-004-b.jpg,converted,167781,272863
USA-AIR-005-a,USA-AIR-005-a.avif,ext-fixed,25960,25960
USA-AIR-005-b,USA-AIR-005-b.avif,ext-fixed,53671,53671
USA-AIR-006-a.jpg,USA-AIR-006-a.jpg,copy,22250,22250
USA-AIR-006-b.webp,USA-AIR-006-b.webp,copy,33950,33950
USA-AIR-007-a,USA-AIR-007-a.jpg,converted,183677,125045
USA-AIR-007-b.jpg,USA-AIR-007-b.jpg,kept-original,590104,590104
USA-AIR-008-a.jpg,USA-AIR-008-a.jpg,kept-original,225814,225814
USA-AIR-008-b.jpg,USA-AIR-008-b.jpg,converted,546598,331249
USA-AIR-008-c.jpg,USA-AIR-008-c.jpg,copy,178294,178294
USA-AIR-009-a.jpg,USA-AIR-009-a.jpg,copy,28502,28502
USA-AIR-009-b,USA-AIR-009-b.avif,ext-fixed,11011,11011
USA-AIR-010-a.jpg,USA-AIR-010-a.jpg,copy,56466,56466
USA-AIR-010-b.jpg,USA-AIR-010-b.jpg,copy,64920,64920
USA-LAND-001-a.webp,USA-LAND-001-a.jpg,converted,924264,221052
USA-LAND-001-b.jpg,USA-LAND-001-b.jpg,copy,53469,53469
USA-LAND-002-a.jpg,USA-LAND-002-a.jpg,converted,1818547,346506
USA-LAND-002-b.jpg,USA-LAND-002-b.jpg,copy,125709,125709
USA-SEA-001-a.jpg,USA-SEA-001-a.jpg,copy,218804,218804
USA-SEA-001-b.png,USA-SEA-001-b.jpg,converted,507984,315974
USA-SEA-002-a.jpg,USA-SEA-002-a.jpg,copy,103863,103863
USA-SEA-002-b,USA-SEA-002-b.avif,ext-fixed,40992,40992
USA-SEA-003-a,USA-SEA-003-a.avif,ext-fixed,85612,85612
USA-SEA-003-b,USA-SEA-003-b.avif,ext-fixed,43879,43879
USA-SUB-001-a.webp,USA-SUB-001-a.webp,copy,62078,62078
USA-SUB-001-b.jpg,USA-SUB-001-b.jpg,copy,270144,270144
